{"cameraMode":{"drawMode":0,"name":"Shaded","section":"Shading Mode"},"sceneLighting":false,"audioPlay":false,"sceneViewState":{"showFog":true,"showMaterialUpdate":false,"showSkybox":false,"showFlares":true,"showImageEffects":true,"showParticleSystems":true},"in2DMode":false,"pivot":{"x":-0.00022399425506591797,"y":0.8994101881980896,"z":0.013950586318969727},"rotation":{"x":0.12397995591163635,"y":0.49221402406692507,"z":-0.07107763737440109,"w":0.8586769700050354},"size":5.535707950592041,"orthographic":true}