{"cameraMode":{"drawMode":0,"name":"Shaded","section":"Shading Mode"},"sceneLighting":false,"audioPlay":false,"sceneViewState":{"showFog":true,"showMaterialUpdate":false,"showSkybox":false,"showFlares":true,"showImageEffects":true,"showParticleSystems":true},"in2DMode":false,"pivot":{"x":3.308368682861328,"y":16.803945541381837,"z":-1.4686317443847657},"rotation":{"x":-0.18521778285503388,"y":-0.7059211134910584,"z":0.19805453717708589,"w":-0.6548749208450317},"size":162.60794067382813,"orthographic":true}