{"cameraMode":{"drawMode":0,"name":"Shaded","section":"Shading Mode"},"sceneLighting":true,"audioPlay":false,"sceneViewState":{"showFog":true,"showMaterialUpdate":false,"showSkybox":true,"showFlares":true,"showImageEffects":true,"showParticleSystems":true},"in2DMode":false,"pivot":{"x":409.41259765625,"y":507.4591064453125,"z":0.7273456454277039},"rotation":{"x":-0.015077565796673298,"y":-0.09208103269338608,"z":-0.000034188215067842975,"w":-0.9962530136108398},"size":54.0301628112793,"orthographic":true}