{"cameraMode":{"drawMode":0,"name":"Shaded","section":"Shading Mode"},"sceneLighting":true,"audioPlay":false,"sceneViewState":{"showFog":true,"showMaterialUpdate":false,"showSkybox":true,"showFlares":true,"showImageEffects":true,"showParticleSystems":true},"in2DMode":false,"pivot":{"x":-82.239013671875,"y":11.5244140625,"z":-170.1407470703125},"rotation":{"x":0.1121000349521637,"y":0.5183888673782349,"z":-0.06900618970394135,"w":0.8451140522956848},"size":2.628103256225586,"orthographic":true}