{"cameraMode":{"drawMode":0,"name":"Shaded","section":"Shading Mode"},"sceneLighting":true,"audioPlay":false,"sceneViewState":{"showFog":true,"showMaterialUpdate":false,"showSkybox":true,"showFlares":true,"showImageEffects":true,"showParticleSystems":true},"in2DMode":false,"pivot":{"x":-12.874639511108399,"y":219.67889404296876,"z":-106.37838745117188},"rotation":{"x":-0.11002068221569061,"y":-0.7136260271072388,"z":0.11508919298648834,"w":-0.6822013854980469},"size":1.711872935295105,"orthographic":true}