{"cameraMode":{"drawMode":0,"name":"Shaded","section":"Shading Mode"},"sceneLighting":true,"audioPlay":false,"sceneViewState":{"showFog":true,"showMaterialUpdate":false,"showSkybox":true,"showFlares":true,"showImageEffects":true,"showParticleSystems":true},"in2DMode":false,"pivot":{"x":-82.18266296386719,"y":13.866999626159668,"z":-181.16836547851563},"rotation":{"x":-0.07830145210027695,"y":-0.38242003321647646,"z":0.03254401311278343,"w":-0.9200963377952576},"size":22.0,"orthographic":true}