{"cameraMode":{"drawMode":0,"name":"Shaded","section":"Shading Mode"},"sceneLighting":true,"audioPlay":false,"sceneViewState":{"showFog":true,"showMaterialUpdate":false,"showSkybox":true,"showFlares":true,"showImageEffects":true,"showParticleSystems":true},"in2DMode":false,"pivot":{"x":-83.3233642578125,"y":11.13916015625,"z":-171.033203125},"rotation":{"x":0.09180956333875656,"y":0.5851600766181946,"z":-0.06718873977661133,"w":0.8030518293380737},"size":1.5253913402557374,"orthographic":true}