{"cameraMode":{"drawMode":0,"name":"Shaded","section":"Shading Mode"},"sceneLighting":true,"audioPlay":false,"sceneViewState":{"showFog":true,"showMaterialUpdate":false,"showSkybox":true,"showFlares":true,"showImageEffects":true,"showParticleSystems":true},"in2DMode":false,"pivot":{"x":-82.27999877929688,"y":11.75366497039795,"z":-171.22799682617188},"rotation":{"x":0.2753666341304779,"y":0.09929065406322479,"z":-0.028566133230924608,"w":0.9558067917823792},"size":22.0,"orthographic":true}