{"cameraMode":{"drawMode":0,"name":"Shaded","section":"Shading Mode"},"sceneLighting":false,"audioPlay":false,"sceneViewState":{"showFog":true,"showMaterialUpdate":false,"showSkybox":false,"showFlares":true,"showImageEffects":true,"showParticleSystems":true},"in2DMode":false,"pivot":{"x":-61.70624542236328,"y":11.538341522216797,"z":-47.65959548950195},"rotation":{"x":-0.1473148614168167,"y":-0.7628189921379089,"z":0.184864342212677,"w":-0.6028001308441162},"size":12.068899154663086,"orthographic":true}