{"cameraMode":{"drawMode":0,"name":"Shaded","section":"Shading Mode"},"sceneLighting":true,"audioPlay":false,"sceneViewState":{"showFog":true,"showMaterialUpdate":false,"showSkybox":true,"showFlares":true,"showImageEffects":true,"showParticleSystems":true},"in2DMode":false,"pivot":{"x":668.8256225585938,"y":538.0401611328125,"z":0.7273456454277039},"rotation":{"x":-0.13008208572864533,"y":0.034891270101070407,"z":-0.00594694260507822,"w":-0.9914889931678772},"size":738.864013671875,"orthographic":true}