{"cameraMode":{"drawMode":0,"name":"Shaded","section":"Shading Mode"},"sceneLighting":false,"audioPlay":false,"sceneViewState":{"showFog":true,"showMaterialUpdate":false,"showSkybox":false,"showFlares":true,"showImageEffects":true,"showParticleSystems":true},"in2DMode":false,"pivot":{"x":716.1331787109375,"y":497.695556640625,"z":-534.59814453125},"rotation":{"x":-0.016711372882127763,"y":0.9832290410995483,"z":-0.13385824859142304,"w":-0.12274807691574097},"size":967.7030639648438,"orthographic":true}