{"cameraMode":{"drawMode":0,"name":"Shaded","section":"Shading Mode"},"sceneLighting":false,"audioPlay":false,"sceneViewState":{"showFog":true,"showMaterialUpdate":false,"showSkybox":false,"showFlares":true,"showImageEffects":true,"showParticleSystems":true},"in2DMode":false,"pivot":{"x":-0.00022399425506591797,"y":0.8994101881980896,"z":0.013950586318969727},"rotation":{"x":-0.016711372882127763,"y":0.9832290410995483,"z":-0.13385824859142304,"w":-0.12274807691574097},"size":9.336389541625977,"orthographic":true}